Review,Liked,cleaned
Wow... Loved this place.,1,wow loved place
Crust is not good.,0,crust not good
Not tasty and the texture was just nasty.,0,not tasty texture nasty
Stopped by during the late May bank holiday off Rick Steve recommendation and loved it.,1,stopped late may bank holiday rick steve recommendation loved
The selection on the menu was great and so were the prices.,1,selection menu great price
Now I am getting angry and I want my damn pho.,0,getting angry want damn pho
Honeslty it didn't taste THAT fresh.),0,honeslty not taste fresh
The potatoes were like rubber and you could tell they had been made up ahead of time being kept under a warmer.,0,potato like rubber could tell made ahead time kept warmer
The fries were great too.,1,fry great
A great touch.,1,great touch
Service was very prompt.,1,service prompt
Would not go back.,0,would not go back
The cashier had no care what so ever on what I had to say it still ended up being wayyy overpriced.,0,cashier no care ever say still ended wayyy overpriced
"I tried the Cape Cod ravoli, chicken, with cranberry...mmmm!",1,tried cape cod ravoli chicken cranberry mmmm
I was disgusted because I was pretty sure that was human hair.,0,disgusted pretty sure human hair
I was shocked because no signs indicate cash only.,0,shocked no sign indicate cash
Highly recommended.,1,highly recommended
Waitress was a little slow in service.,0,waitress little slow service
"This place is not worth your time, let alone Vegas.",0,place not worth time let alone vega
did not like at all.,0,not like
The Burrittos Blah!,0,burrittos blah
"The food, amazing.",1,food amazing
Service is also cute.,1,service also cute
I could care less... The interior is just beautiful.,1,could care less interior beautiful
So they performed.,1,performed
That's right....the red velvet cake.....ohhh this stuff is so good.,1,right red velvet cake ohhh stuff good
- They never brought a salad we asked for.,0,never brought salad asked
"This hole in the wall has great Mexican street tacos, and friendly staff.",1,hole wall great mexican street taco friendly staff
"Took an hour to get our food only 4 tables in restaurant my food was Luke warm, Our sever was running around like he was totally overwhelmed.",0,took hour get food table restaurant food luke warm sever running around like totally overwhelmed
The worst was the salmon sashimi.,0,worst salmon sashimi
"Also there are combos like a burger, fries, and beer for 23 which is a decent deal.",1,also combo like burger fry beer decent deal
This was like the final blow!,0,like final blow
I found this place by accident and I could not be happier.,1,found place accident could not happier
"seems like a good quick place to grab a bite of some familiar pub food, but do yourself a favor and look elsewhere.",0,seems like good quick place grab bite familiar pub food favor look elsewhere
"Overall, I like this place a lot.",1,overall like place lot
The only redeeming quality of the restaurant was that it was very inexpensive.,1,redeeming quality restaurant inexpensive
Ample portions and good prices.,1,ample portion good price
"Poor service, the waiter made me feel like I was stupid every time he came to the table.",0,poor service waiter made feel like stupid every time came table
My first visit to Hiro was a delight!,1,first visit hiro delight
Service sucks.,0,service suck
The shrimp tender and moist.,1,shrimp tender moist
There is not a deal good enough that would drag me into that establishment again.,0,not deal good enough would drag establishment
Hard to judge whether these sides were good because we were grossed out by the melted styrofoam and didn't want to eat it for fear of getting sick.,0,hard judge whether side good grossed melted styrofoam not want eat fear getting sick
"On a positive note, our server was very attentive and provided great service.",1,positive note server attentive provided great service
"Frozen pucks of disgust, with some of the worst people behind the register.",0,frozen puck disgust worst people behind register
The only thing I did like was the prime rib and dessert section.,1,thing like prime rib dessert section
It's too bad the food is so damn generic.,0,bad food damn generic
"The burger is good beef, cooked just right.",1,burger good beef cooked right
If you want a sandwich just go to any Firehouse!!!!!,1,want sandwich go firehouse
"My side Greek salad with the Greek dressing was so tasty, and the pita and hummus was very refreshing.",1,side greek salad greek dressing tasty pita hummus refreshing
We ordered the duck rare and it was pink and tender on the inside with a nice char on the outside.,1,ordered duck rare pink tender inside nice char outside
He came running after us when he realized my husband had left his sunglasses on the table.,1,came running u realized husband left sunglass table
Their chow mein is so good!,1,chow mein good
"They have horrible attitudes towards customers, and talk down to each one when customers don't enjoy their food.",0,horrible attitude towards customer talk one customer not enjoy food
The portion was huge!,1,portion huge
"Loved it...friendly servers, great food, wonderful and imaginative menu.",1,loved friendly server great food wonderful imaginative menu
The Heart Attack Grill in downtown Vegas is an absolutely flat-lined excuse for a restaurant.,0,heart attack grill downtown vega absolutely flat lined excuse restaurant
Not much seafood and like 5 strings of pasta at the bottom.,0,not much seafood like string pasta bottom
"The salad had just the right amount of sauce to not over power the scallop, which was perfectly cooked.",1,salad right amount sauce not power scallop perfectly cooked
"The ripped banana was not only ripped, but petrified and tasteless.",0,ripped banana not ripped petrified tasteless
At least think to refill my water before I struggle to wave you over for 10 minutes.,0,least think refill water struggle wave minute
This place receives stars for their APPETIZERS!!!,1,place receives star appetizer
The cocktails are all handmade and delicious.,1,cocktail handmade delicious
We'd definitely go back here again.,1,definitely go back
We are so glad we found this place.,1,glad found place
"Great food and service, huge portions and they give a military discount.",1,great food service huge portion give military discount
Always a great time at Dos Gringos!,1,always great time do gringo
Update.....went back for a second time and it was still just as amazing,1,update went back second time still amazing
We got the food and apparently they have never heard of salt and the batter on the fish was chewy.,0,got food apparently never heard salt batter fish chewy
A great way to finish a great.,1,great way finish great
"The deal included 5 tastings and 2 drinks, and Jeff went above and beyond what we expected.",1,deal included tasting drink jeff went beyond expected
"- Really, really good rice, all the time.",1,really really good rice time
The service was meh.,0,service meh
"It took over 30 min to get their milkshake, which was nothing more than chocolate milk.",0,took min get milkshake nothing chocolate milk
"I guess I should have known that this place would suck, because it is inside of the Excalibur, but I didn't use my common sense.",0,guess known place would suck inside excalibur not use common sense
The scallop dish is quite appalling for value as well.,0,scallop dish quite appalling value well
2 times - Very Bad Customer Service !,0,time bad customer service
The sweet potato fries were very good and seasoned well.,1,sweet potato fry good seasoned well
Today is the second time I've been to their lunch buffet and it was pretty good.,1,today second time lunch buffet pretty good
There is so much good food in Vegas that I feel cheated for wasting an eating opportunity by going to Rice and Company.,0,much good food vega feel cheated wasting eating opportunity going rice company
Coming here is like experiencing an underwhelming relationship where both parties can't wait for the other person to ask to break up.,0,coming like experiencing underwhelming relationship party not wait person ask break
walked in and the place smelled like an old grease trap and only 2 others there eating.,0,walked place smelled like old grease trap others eating
The turkey and roast beef were bland.,0,turkey roast beef bland
This place has it!,1,place
The pan cakes everyone are raving about taste like a sugary disaster tailored to the palate of a six year old.,0,pan cake everyone raving taste like sugary disaster tailored palate six year old
I love the Pho and the spring rolls oh so yummy you have to try.,1,love pho spring roll oh yummy try
The poor batter to meat ratio made the chicken tenders very unsatisfying.,0,poor batter meat ratio made chicken tender unsatisfying
All I have to say is the food was amazing!!!,1,say food amazing
Omelets are to die for!,1,omelet die
Everything was fresh and delicious!,1,everything fresh delicious
"In summary, this was a largely disappointing dining experience.",0,summary largely disappointing dining experience
"It's like a really sexy party in your mouth, where you're outrageously flirting with the hottest person at the party.",1,like really sexy party mouth outrageously flirting hottest person party
"Never been to Hard Rock Casino before, WILL NEVER EVER STEP FORWARD IN IT AGAIN!",0,never hard rock casino never ever step forward
Best breakfast buffet!!!,1,best breakfast buffet
say bye bye to your tip lady!,0,say bye bye tip lady
We'll never go again.,0,never go
Will be back again!,1,back
Food arrived quickly!,1,food arrived quickly
It was not good.,0,not good
"On the up side, their cafe serves really good food.",1,side cafe serf really good food
"Our server was fantastic and when he found out the wife loves roasted garlic and bone marrow, he added extra to our meal and another marrow to go!",1,server fantastic found wife love roasted garlic bone marrow added extra meal another marrow go
"The only good thing was our waiter, he was very helpful and kept the bloddy mary's coming.",1,good thing waiter helpful kept bloddy mary coming
"Best Buffet in town, for the price you cannot beat it.",1,best buffet town price not beat
"I LOVED their mussels cooked in this wine reduction, the duck was tender, and their potato dishes were delicious.",1,loved mussel cooked wine reduction duck tender potato dish delicious
This is one of the better buffets that I have been to.,1,one better buffet
So we went to Tigerlilly and had a fantastic afternoon!,1,went tigerlilly fantastic afternoon
"The food was delicious, our bartender was attentive and personable AND we got a great deal!",1,food delicious bartender attentive personable got great deal
The ambience is wonderful and there is music playing.,1,ambience wonderful music playing
Will go back next trip out.,1,go back next trip
Sooooo good!!,1,sooooo good
"REAL sushi lovers, let's be honest - Yama is not that good.",0,real sushi lover let honest yama not good
"At least 40min passed in between us ordering and the food arriving, and it wasn't that busy.",0,least min passed u ordering food arriving not busy
This is a really fantastic Thai restaurant which is definitely worth a visit.,1,really fantastic thai restaurant definitely worth visit
"Nice, spicy and tender.",1,nice spicy tender
Good prices.,1,good price
Check it out.,1,check
It was pretty gross!,0,pretty gross
I've had better atmosphere.,0,better atmosphere
Kind of hard to mess up a steak but they did.,0,kind hard mess steak
"Although I very much liked the look and sound of this place, the actual experience was a bit disappointing.",0,although much liked look sound place actual experience bit disappointing
I just don't know how this place managed to served the blandest food I have ever eaten when they are preparing Indian cuisine.,0,not know place managed served blandest food ever eaten preparing indian cuisine
"Worst service to boot, but that is the least of their worries.",0,worst service boot least worry
Service was fine and the waitress was friendly.,1,service fine waitress friendly
"The guys all had steaks, and our steak loving son who has had steak at the best and worst places said it was the best steak he's ever eaten.",1,guy steak steak loving son steak best worst place said best steak ever eaten
"We thought you'd have to venture further away to get good sushi, but this place really hit the spot that night.",1,thought venture away get good sushi place really hit spot night
"Host staff were, for lack of a better word, BITCHES!",0,host staff lack better word bitch
Bland... Not a liking this place for a number of reasons and I don't want to waste time on bad reviewing.. I'll leave it at that...,0,bland not liking place number reason not want waste time bad reviewing leave
"Phenomenal food, service and ambiance.",1,phenomenal food service ambiance
I wouldn't return.,0,would not return
"Definitely worth venturing off the strip for the pork belly, will return next time I'm in Vegas.",1,definitely worth venturing strip pork belly return next time vega
This place is way too overpriced for mediocre food.,0,place way overpriced mediocre food
Penne vodka excellent!,1,penne vodka excellent
"They have a good selection of food including a massive meatloaf sandwich, a crispy chicken wrap, a delish tuna melt and some tasty burgers.",1,good selection food including massive meatloaf sandwich crispy chicken wrap delish tuna melt tasty burger
The management is rude.,0,management rude
"Delicious NYC bagels, good selections of cream cheese, real Lox with capers even.",1,delicious nyc bagel good selection cream cheese real lox caper even
"Great Subway, in fact it's so good when you come here every other Subway will not meet your expectations.",1,great subway fact good come every subway not meet expectation
I had a seriously solid breakfast here.,1,seriously solid breakfast
This is one of the best bars with food in Vegas.,1,one best bar food vega
"He was extremely rude and really, there are so many other restaurants I would love to dine at during a weekend in Vegas.",0,extremely rude really many restaurant would love dine weekend vega
My drink was never empty and he made some really great menu suggestions.,1,drink never empty made really great menu suggestion
Don't do it!!!!,0,not
The waiter wasn't helpful or friendly and rarely checked on us.,0,waiter not helpful friendly rarely checked u
My husband and I ate lunch here and were very disappointed with the food and service.,0,husband ate lunch disappointed food service
And the red curry had so much bamboo shoots and wasn't very tasty to me.,0,red curry much bamboo shoot not tasty
Nice blanket of moz over top but i feel like this was done to cover up the subpar food.,1,nice blanket moz top feel like done cover subpar food
The bathrooms are clean and the place itself is well decorated.,1,bathroom clean place well decorated
"The menu is always changing, food quality is going down & service is extremely slow.",0,menu always changing food quality going service extremely slow
"The service was a little slow , considering that were served by 3 people servers so the food was coming in a slow pace.",0,service little slow considering served people server food coming slow pace
I give it 2 thumbs down,0,give thumb
We watched our waiter pay a lot more attention to other tables and ignore us.,0,watched waiter pay lot attention table ignore u
My fiancé and I came in the middle of the day and we were greeted and seated right away.,1,fiancé came middle day greeted seated right away
This is a great restaurant at the Mandalay Bay.,1,great restaurant mandalay bay
We waited for forty five minutes in vain.,0,waited forty five minute vain
Crostini that came with the salad was stale.,0,crostini came salad stale
Some highlights : Great quality nigiri here!,1,highlight great quality nigiri
the staff is friendly and the joint is always clean.,1,staff friendly joint always clean
this was a different cut than the piece the other day but still wonderful and tender s well as well flavored.,1,different cut piece day still wonderful tender well well flavored
I ordered the Voodoo pasta and it was the first time I'd had really excellent pasta since going gluten free several years ago.,1,ordered voodoo pasta first time really excellent pasta since going gluten free several year ago
this place is good.,1,place good
"Unfortunately, we must have hit the bakery on leftover day because everything we ordered was STALE.",0,unfortunately must hit bakery leftover day everything ordered stale
I came back today since they relocated and still not impressed.,0,came back today since relocated still not impressed
I was seated immediately.,1,seated immediately
"Their menu is diverse, and reasonably priced.",1,menu diverse reasonably priced
Avoid at all cost!,0,avoid cost
Restaurant is always full but never a wait.,1,restaurant always full never wait
DELICIOUS!!,1,delicious
This place is hands-down one of the best places to eat in the Phoenix metro area.,1,place hand one best place eat phoenix metro area
So don't go there if you are looking for good food...,0,not go looking good food
I've never been treated so bad.,0,never treated bad
Bacon is hella salty.,1,bacon hella salty
"We also ordered the spinach and avocado salad, the ingredients were sad and the dressing literally had zero taste.",0,also ordered spinach avocado salad ingredient sad dressing literally zero taste
"This really is how Vegas fine dining used to be, right down to the menus handed to the ladies that have no prices listed.",1,really vega fine dining used right menu handed lady no price listed
The waitresses are very friendly.,1,waitress friendly
"Lordy, the Khao Soi is a dish that is not to be missed for curry lovers!",1,lordy khao soi dish not missed curry lover
Everything on the menu is terrific and we were also thrilled that they made amazing accommodations for our vegetarian daughter.,1,everything menu terrific also thrilled made amazing accommodation vegetarian daughter
"Perhaps I caught them on an off night judging by the other reviews, but I'm not inspired to go back.",0,perhaps caught night judging review not inspired go back
The service here leaves a lot to be desired.,0,service leaf lot desired
"The atmosphere is modern and hip, while maintaining a touch of coziness.",1,atmosphere modern hip maintaining touch coziness
"Not a weekly haunt, but definitely a place to come back to every once in a while.",1,not weekly haunt definitely place come back every
We literally sat there for 20 minutes with no one asking to take our order.,0,literally sat minute no one asking take order
"The burger had absolutely no flavor - the meat itself was totally bland, the burger was overcooked and there was no charcoal flavor.",0,burger absolutely no flavor meat totally bland burger overcooked no charcoal flavor
I also decided not to send it back because our waitress looked like she was on the verge of having a heart attack.,0,also decided not send back waitress looked like verge heart attack
I dressed up to be treated so rudely!,0,dressed treated rudely
It was probably dirt.,0,probably dirt
"Love this place, hits the spot when I want something healthy but not lacking in quantity or flavor.",1,love place hit spot want something healthy not lacking quantity flavor
I ordered the Lemon raspberry ice cocktail which was also incredible.,1,ordered lemon raspberry ice cocktail also incredible
"The food sucked, which we expected but it sucked more than we could have imagined.",0,food sucked expected sucked could imagined
Interesting decor.,1,interesting decor
What I really like there is the crepe station.,1,really like crepe station
"Also were served hot bread and butter, and home made potato chips with bacon bits on top....very original and very good.",1,also served hot bread butter home made potato chip bacon bit top original good
you can watch them preparing the delicious food!),1,watch preparing delicious food
Both of the egg rolls were fantastic.,1,egg roll fantastic
"When my order arrived, one of the gyros was missing.",0,order arrived one gyro missing
"I had a salad with the wings, and some ice cream for dessert and left feeling quite satisfied.",1,salad wing ice cream dessert left feeling quite satisfied
I'm not really sure how Joey's was voted best hot dog in the Valley by readers of Phoenix Magazine.,0,not really sure joey voted best hot dog valley reader phoenix magazine
The best place to go for a tasty bowl of Pho!,1,best place go tasty bowl pho
The live music on Fridays totally blows.,0,live music friday totally blow
I've never been more insulted or felt disrespected.,0,never insulted felt disrespected
Very friendly staff.,1,friendly staff
It is worth the drive.,1,worth drive
"I had heard good things about this place, but it exceeding every hope I could have dreamed of.",1,heard good thing place exceeding every hope could dreamed
Food was great and so was the serivce!,1,food great serivce
The warm beer didn't help.,0,warm beer not help
Great brunch spot.,1,great brunch spot
Service is friendly and inviting.,1,service friendly inviting
Very good lunch spot.,1,good lunch spot
I've lived here since 1979 and this was the first (and last) time I've stepped foot into this place.,0,lived since first last time stepped foot place
The WORST EXPERIENCE EVER.,0,worst experience ever
Must have been an off night at this place.,0,must night place
"The sides are delish - mixed mushrooms, yukon gold puree, white corn - beateous.",1,side delish mixed mushroom yukon gold puree white corn beateous
"If that bug never showed up I would have given a 4 for sure, but on the other side of the wall where this bug was climbing was the kitchen.",0,bug never showed would given sure side wall bug climbing kitchen
"For about 10 minutes, we we're waiting for her salad when we realized that it wasn't coming any time soon.",0,minute waiting salad realized not coming time soon
My friend loved the salmon tartar.,1,friend loved salmon tartar
Won't go back.,0,not go back
Extremely Tasty!,1,extremely tasty
Waitress was good though!,1,waitress good though
Soggy and not good.,0,soggy not good
The Jamaican mojitos are delicious.,1,jamaican mojitos delicious
Which are small and not worth the price.,0,small not worth price
- the food is rich so order accordingly.,1,food rich order accordingly
"The shower area is outside so you can only rinse, not take a full shower, unless you don't mind being nude for everyone to see!",0,shower area outside rinse not take full shower unless not mind nude everyone see
The service was a bit lacking.,0,service bit lacking
"Lobster Bisque, Bussell Sprouts, Risotto, Filet ALL needed salt and pepper..and of course there is none at the tables.",0,lobster bisque bussell sprout risotto filet needed salt pepper course none table
Hopefully this bodes for them going out of business and someone who can cook can come in.,0,hopefully bodes going business someone cook come
"It was either too cold, not enough flavor or just bad.",0,either cold not enough flavor bad
I loved the bacon wrapped dates.,1,loved bacon wrapped date
This is an unbelievable BARGAIN!,1,unbelievable bargain
The folks at Otto always make us feel so welcome and special.,1,folk otto always make u feel welcome special
"As for the ""mains,"" also uninspired.",0,main also uninspired
This is the place where I first had pho and it was amazing!!,1,place first pho amazing
This wonderful experience made this place a must-stop whenever we are in town again.,1,wonderful experience made place must stop whenever town
"If the food isn't bad enough for you, then enjoy dealing with the world's worst/annoying drunk people.",0,food not bad enough enjoy dealing world worst annoying drunk people
Very very fun chef.,1,fun chef
"Ordered a double cheeseburger & got a single patty that was falling apart (picture uploaded) Yeah, still sucks.",0,ordered double cheeseburger got single patty falling apart picture uploaded yeah still suck
Great place to have a couple drinks and watch any and all sporting events as the walls are covered with TV's.,1,great place couple drink watch sporting event wall covered tv
"If it were possible to give them zero stars, they'd have it.",0,possible give zero star
"The descriptions said ""yum yum sauce"" and another said ""eel sauce"", yet another said ""spicy mayo""...well NONE of the rolls had sauces on them.",0,description said yum yum sauce another said eel sauce yet another said spicy mayo well none roll sauce
"I'd say that would be the hardest decision... Honestly, all of M's dishes taste how they are supposed to taste (amazing).",1,say would hardest decision honestly dish taste supposed taste amazing
If she had not rolled the eyes we may have stayed... Not sure if we will go back and try it again.,0,not rolled eye may stayed not sure go back try
"Everyone is very attentive, providing excellent customer service.",1,everyone attentive providing excellent customer service
Horrible - don't waste your time and money.,0,horrible not waste time money
Now this dish was quite flavourful.,1,dish quite flavourful
By this time our side of the restaurant was almost empty so there was no excuse.,0,time side restaurant almost empty no excuse
"(It wasn't busy either) Also, the building was FREEZING cold.",0,not busy either also building freezing cold
"like the other reviewer said ""you couldn't pay me to eat at this place again.""",0,like reviewer said could not pay eat place
-Drinks took close to 30 minutes to come out at one point.,0,drink took close minute come one point
"Seriously flavorful delights, folks.",1,seriously flavorful delight folk
Much better than the other AYCE sushi place I went to in Vegas.,1,much better ayce sushi place went vega
The lighting is just dark enough to set the mood.,1,lighting dark enough set mood
Based on the sub-par service I received and no effort to show their gratitude for my business I won't be going back.,0,based sub par service received no effort show gratitude business not going back
Owner's are really great people.!,1,owner really great people
There is nothing privileged about working/eating there.,0,nothing privileged working eating
The Greek dressing was very creamy and flavorful.,1,greek dressing creamy flavorful
"Overall, I don't think that I would take my parents to this place again because they made most of the similar complaints that I silently felt too.",0,overall not think would take parent place made similar complaint silently felt
Now the pizza itself was good the peanut sauce was very tasty.,1,pizza good peanut sauce tasty
We had 7 at our table and the service was pretty fast.,1,table service pretty fast
Fantastic service here.,1,fantastic service
I as well would've given godfathers zero stars if possible.,0,well would given godfather zero star possible
They know how to make them here.,1,know make
very tough and very short on flavor!,0,tough short flavor
I hope this place sticks around.,1,hope place stick around
"I have been in more than a few bars in Vegas, and do not ever recall being charged for tap water.",0,bar vega not ever recall charged tap water
The restaurant atmosphere was exquisite.,1,restaurant atmosphere exquisite
"Good service, very clean, and inexpensive, to boot!",1,good service clean inexpensive boot
The seafood was fresh and generous in portion.,1,seafood fresh generous portion
"Plus, it's only 8 bucks.",1,plus buck
"The service was not up to par, either.",0,service not par either
"Thus far, have only visited twice and the food was absolutely delicious each time.",1,thus far visited twice food absolutely delicious time
Just as good as when I had it more than a year ago!,1,good year ago
"For a self proclaimed coffee cafe, I was wildly disappointed.",0,self proclaimed coffee cafe wildly disappointed
The Veggitarian platter is out of this world!,1,veggitarian platter world
You cant go wrong with any of the food here.,1,cant go wrong food
You can't beat that.,1,not beat
"Stopped by this place while in Madison for the Ironman, very friendly, kind staff.",1,stopped place madison ironman friendly kind staff
The chefs were friendly and did a good job.,1,chef friendly good job
"I've had better, not only from dedicated boba tea spots, but even from Jenni Pho.",0,better not dedicated boba tea spot even jenni pho
I liked the patio and the service was outstanding.,1,liked patio service outstanding
The goat taco didn't skimp on the meat and wow what FLAVOR!,1,goat taco not skimp meat wow flavor
I think not again,0,think not
I had the mac salad and it was pretty bland so I will not be getting that again.,0,mac salad pretty bland not getting
I went to Bachi Burger on a friend's recommendation and was not disappointed.,1,went bachi burger friend recommendation not disappointed
Service stinks here!,0,service stink
I waited and waited.,0,waited waited
"This place is not quality sushi, it is not a quality restaurant.",0,place not quality sushi not quality restaurant
I would definitely recommend the wings as well as the pizza.,1,would definitely recommend wing well pizza
Great Pizza and Salads!,1,great pizza salad
Things that went wrong: - They burned the saganaki.,0,thing went wrong burned saganaki
We waited an hour for what was a breakfast I could have done 100 times better at home.,0,waited hour breakfast could done time better home
This place is amazing!,1,place amazing
"I hate to disagree with my fellow Yelpers, but my husband and I were so disappointed with this place.",0,hate disagree fellow yelpers husband disappointed place
Waited 2 hours & never got either of our pizzas as many other around us who came in later did!,0,waited hour never got either pizza many around u came later
Just don't know why they were so slow.,0,not know slow
"The staff is great, the food is delish, and they have an incredible beer selection.",1,staff great food delish incredible beer selection
"I live in the neighborhood so I am disappointed I won't be back here, because it is a convenient location.",0,live neighborhood disappointed not back convenient location
I didn't know pulled pork could be soooo delicious.,1,not know pulled pork could soooo delicious
"You get incredibly fresh fish, prepared with care.",1,get incredibly fresh fish prepared care
Before I go in to why I gave a 1 star rating please know that this was my third time eating at Bachi burger before writing a review.,0,go gave star rating please know third time eating bachi burger writing review
I love the fact that everything on their menu is worth it.,1,love fact everything menu worth
Never again will I be dining at this place!,0,never dining place
The food was excellent and service was very good.,1,food excellent service good
Good beer & drink selection and good food selection.,1,good beer drink selection good food selection
Please stay away from the shrimp stir fried noodles.,0,please stay away shrimp stir fried noodle
The potato chip order was sad... I could probably count how many chips were in that box and it was probably around 12.,0,potato chip order sad could probably count many chip box probably around
Food was really boring.,0,food really boring
Good Service-check!,1,good service check
This greedy corporation will NEVER see another dime from me!,0,greedy corporation never see another dime
"Will never, ever go back.",0,never ever go back
"As much as I'd like to go back, I can't get passed the atrocious service and will never return.",0,much like go back not get passed atrocious service never return
"In the summer, you can dine in a charming outdoor patio - so very delightful.",1,summer dine charming outdoor patio delightful
I did not expect this to be so good!,1,not expect good
Fantastic food!,1,fantastic food
She ordered a toasted English muffin that came out untoasted.,0,ordered toasted english muffin came untoasted
The food was very good.,1,food good
Never going back.,0,never going back
"Great food for the price, which is very high quality and house made.",1,great food price high quality house made
The bus boy on the other hand was so rude.,0,bus boy hand rude
"By this point, my friends and I had basically figured out this place was a joke and didn't mind making it publicly and loudly known.",0,point friend basically figured place joke not mind making publicly loudly known
"Back to good BBQ, lighter fare, reasonable pricing and tell the public they are back to the old ways.",1,back good bbq lighter fare reasonable pricing tell public back old way
"And considering the two of us left there very full and happy for about $20, you just can't go wrong.",1,considering two u left full happy not go wrong
All the bread is made in-house!,1,bread made house
The only downside is the service.,0,downside service
"Also, the fries are without a doubt the worst fries I've ever had.",0,also fry without doubt worst fry ever
Service was exceptional and food was a good as all the reviews.,1,service exceptional food good review
"A couple of months later, I returned and had an amazing meal.",1,couple month later returned amazing meal
Favorite place in town for shawarrrrrrma!!!!!!,1,favorite place town shawarrrrrrma
The black eyed peas and sweet potatoes... UNREAL!,1,black eyed pea sweet potato unreal
You won't be disappointed.,1,not disappointed
"They could serve it with just the vinaigrette and it may make for a better overall dish, but it was still very good.",1,could serve vinaigrette may make better overall dish still good
"I go to far too many places and I've never seen any restaurant that serves a 1 egg breakfast, especially for $4.00.",0,go far many place never seen restaurant serf egg breakfast especially
When my mom and I got home she immediately got sick and she only had a few bites of salad.,0,mom got home immediately got sick bite salad
The servers are not pleasant to deal with and they don't always honor Pizza Hut coupons.,0,server not pleasant deal not always honor pizza hut coupon
"Both of them were truly unbelievably good, and I am so glad we went back.",1,truly unbelievably good glad went back
"We had fantastic service, and were pleased by the atmosphere.",1,fantastic service pleased atmosphere
Everything was gross.,0,everything gross
I love this place.,1,love place
Great service and food.,1,great service food
First - the bathrooms at this location were dirty- Seat covers were not replenished & just plain yucky!!!,0,first bathroom location dirty seat cover not replenished plain yucky
"The burger... I got the ""Gold Standard"" a $17 burger and was kind of disappointed.",0,burger got gold standard burger kind disappointed
"OMG, the food was delicioso!",1,omg food delicioso
There is nothing authentic about this place.,0,nothing authentic place
the spaghetti is nothing special whatsoever.,0,spaghetti nothing special whatsoever
"Of all the dishes, the salmon was the best, but all were great.",1,dish salmon best great
The vegetables are so fresh and the sauce feels like authentic Thai.,1,vegetable fresh sauce feel like authentic thai
It's worth driving up from Tucson!,1,worth driving tucson
The selection was probably the worst I've seen in Vegas.....there was none.,0,selection probably worst seen vega none
Pretty good beer selection too.,1,pretty good beer selection
"This place is like Chipotle, but BETTER.",1,place like chipotle better
"Classy/warm atmosphere, fun and fresh appetizers, succulent steaks (Baseball steak!!!!!",1,classy warm atmosphere fun fresh appetizer succulent steak baseball steak
5 stars for the brick oven bread app!,1,star brick oven bread app
"I have eaten here multiple times, and each time the food was delicious.",1,eaten multiple time time food delicious
We sat another ten minutes and finally gave up and left.,0,sat another ten minute finally gave left
He was terrible!,0,terrible
Everyone is treated equally special.,1,everyone treated equally special
It shouldn't take 30 min for pancakes and eggs.,0,not take min pancake egg
It was delicious!!!,1,delicious
"On the good side, the staff was genuinely pleasant and enthusiastic - a real treat.",1,good side staff genuinely pleasant enthusiastic real treat
"Sadly, Gordon Ramsey's Steak is a place we shall sharply avoid during our next trip to Vegas.",0,sadly gordon ramsey steak place shall sharply avoid next trip vega
As always the evening was wonderful and the food delicious!,1,always evening wonderful food delicious
Best fish I've ever had in my life!,1,best fish ever life
(The bathroom is just next door and very nice.),1,bathroom next door nice
The buffet is small and all the food they offered was BLAND.,0,buffet small food offered bland
This is an Outstanding little restaurant with some of the Best Food I have ever tasted.,1,outstanding little restaurant best food ever tasted
Pretty cool I would say.,1,pretty cool would say
Definitely a turn off for me & i doubt I'll be back unless someone else is buying.,0,definitely turn doubt back unless someone else buying
Server did a great job handling our large rowdy table.,1,server great job handling large rowdy table
"I find wasting food to be despicable, but this just wasn't food.",0,find wasting food despicable not food
My wife had the Lobster Bisque soup which was lukewarm.,0,wife lobster bisque soup lukewarm
Would come back again if I had a sushi craving while in Vegas.,1,would come back sushi craving vega
"The staff are great, the ambiance is great.",1,staff great ambiance great
He deserves 5 stars.,1,deserves star
I left with a stomach ache and felt sick the rest of the day.,0,left stomach ache felt sick rest day
They dropped more than the ball.,0,dropped ball
"The dining space is tiny, but elegantly decorated and comfortable.",1,dining space tiny elegantly decorated comfortable
"They will customize your order any way you'd like, my usual is Eggplant with Green Bean stir fry, love it!",1,customize order way like usual eggplant green bean stir fry love
And the beans and rice were mediocre at best.,0,bean rice mediocre best
Best tacos in town by far!!,1,best taco town far
I took back my money and got outta there.,0,took back money got outta
"In an interesting part of town, this place is amazing.",1,interesting part town place amazing
RUDE & INCONSIDERATE MANAGEMENT.,0,rude inconsiderate management
"The staff are now not as friendly, the wait times for being served are horrible, no one even says hi for the first 10 minutes.",0,staff not friendly wait time served horrible no one even say hi first minute
I won't be back.,0,not back
They have great dinners.,1,great dinner
The service was outshining & I definitely recommend the Halibut.,1,service outshining definitely recommend halibut
The food was terrible.,0,food terrible
WILL NEVER EVER GO BACK AND HAVE TOLD MANY PEOPLE WHAT HAD HAPPENED.,0,never ever go back told many people happened
I don't recommend unless your car breaks down in front of it and you are starving.,0,not recommend unless car break front starving
I will come back here every time I'm in Vegas.,1,come back every time vega
This place deserves one star and 90% has to do with the food.,0,place deserves one star food
This is a disgrace.,0,disgrace
Def coming back to bowl next time,1,def coming back bowl next time
"If you want healthy authentic or ethic food, try this place.",1,want healthy authentic ethic food try place
I will continue to come here on ladies night andddd date night ... highly recommend this place to anyone who is in the area.,1,continue come lady night andddd date night highly recommend place anyone area
"I have been here several times in the past, and the experience has always been great.",1,several time past experience always great
We walked away stuffed and happy about our first Vegas buffet experience.,1,walked away stuffed happy first vega buffet experience
Service was excellent and prices are pretty reasonable considering this is Vegas and located inside the Crystals shopping mall by Aria.,1,service excellent price pretty reasonable considering vega located inside crystal shopping mall aria
"To summarize... the food was incredible, nay, transcendant... but nothing brings me joy quite like the memory of the pneumatic condiment dispenser.",1,summarize food incredible nay transcendant nothing brings joy quite like memory pneumatic condiment dispenser
I'm probably one of the few people to ever go to Ians and not like it.,0,probably one people ever go ians not like
Kids pizza is always a hit too with lots of great side dish options for the kiddos!,1,kid pizza always hit lot great side dish option kiddos
Service is perfect and the family atmosphere is nice to see.,1,service perfect family atmosphere nice see
Cooked to perfection and the service was impeccable.,1,cooked perfection service impeccable
This one is simply a disappointment.,0,one simply disappointment
"Overall, I was very disappointed with the quality of food at Bouchon.",0,overall disappointed quality food bouchon
I don't have to be an accountant to know I'm getting screwed!,0,not accountant know getting screwed
"Great place to eat, reminds me of the little mom and pop shops in the San Francisco Bay Area.",1,great place eat reminds little mom pop shop san francisco bay area
Today was my first taste of a Buldogis Gourmet Hot Dog and I have to tell you it was more than I ever thought possible.,1,today first taste buldogis gourmet hot dog tell ever thought possible
Left very frustrated.,0,left frustrated
I'll definitely be in soon again.,1,definitely soon
Food was really good and I got full petty fast.,1,food really good got full petty fast
Service was fantastic.,1,service fantastic
TOTAL WASTE OF TIME.,0,total waste time
I don't know what kind it is but they have the best iced tea.,1,not know kind best iced tea
"Come hungry, leave happy and stuffed!",1,come hungry leave happy stuffed
"For service, I give them no stars.",0,service give no star
I can assure you that you won't be disappointed.,1,assure not disappointed
I can take a little bad service but the food sucks.,0,take little bad service food suck
Gave up trying to eat any of the crust (teeth still sore).,0,gave trying eat crust teeth still sore
But now I was completely grossed out.,0,completely grossed
I really enjoyed eating here.,1,really enjoyed eating
First time going but I think I will quickly become a regular.,1,first time going think quickly become regular
"Our server was very nice, and even though he looked a little overwhelmed with all of our needs, he stayed professional and friendly until the end.",1,server nice even though looked little overwhelmed need stayed professional friendly end
From what my dinner companions told me...everything was very fresh with nice texture and taste.,1,dinner companion told everything fresh nice texture taste
"On the ground, right next to our table was a large, smeared, been-stepped-in-and-tracked-everywhere pile of green bird poop.",0,ground right next table large smeared stepped tracked everywhere pile green bird poop
"Furthermore, you can't even find hours of operation on the website!",0,furthermore not even find hour operation website
We've tried to like this place but after 10+ times I think we're done with them.,0,tried like place time think done
What a mistake that was!,0,mistake
No complaints!,1,no complaint
This is some seriously good pizza and I'm an expert/connisseur on the topic.,1,seriously good pizza expert connisseur topic
Waiter was a jerk.,0,waiter jerk
"Strike 2, who wants to be rushed.",0,strike want rushed
These are the nicest restaurant owners I've ever come across.,1,nicest restaurant owner ever come across
I never come again.,0,never come
We loved the biscuits!!!,1,loved biscuit
Service is quick and friendly.,1,service quick friendly
Ordered an appetizer and took 40 minutes and then the pizza another 10 minutes.,0,ordered appetizer took minute pizza another minute
So absolutley fantastic.,1,absolutley fantastic
It was a huge awkward 1.5lb piece of cow that was 3/4ths gristle and fat.,0,huge awkward lb piece cow th gristle fat
definitely will come back here again.,1,definitely come back
I like Steiners because it's dark and it feels like a bar.,1,like steiner dark feel like bar
Wow very spicy but delicious.,1,wow spicy delicious
"If you're not familiar, check it out.",1,not familiar check
I'll take my business dinner dollars elsewhere.,0,take business dinner dollar elsewhere
I'd love to go back.,1,love go back
"Anyway, this FS restaurant has a wonderful breakfast/lunch.",1,anyway f restaurant wonderful breakfast lunch
Nothing special.,0,nothing special
Each day of the week they have a different deal and it's all so delicious!,1,day week different deal delicious
"Not to mention the combination of pears, almonds and bacon is a big winner!",1,not mention combination pear almond bacon big winner
Will not be back.,0,not back
Sauce was tasteless.,0,sauce tasteless
"The food is delicious and just spicy enough, so be sure to ask for spicier if you prefer it that way.",1,food delicious spicy enough sure ask spicier prefer way
My ribeye steak was cooked perfectly and had great mesquite flavor.,1,ribeye steak cooked perfectly great mesquite flavor
I don't think we'll be going back anytime soon.,0,not think going back anytime soon
Food was so gooodd.,1,food gooodd
I am far from a sushi connoisseur but I can definitely tell the difference between good food and bad food and this was certainly bad food.,0,far sushi connoisseur definitely tell difference good food bad food certainly bad food
I was so insulted.,0,insulted
The last 3 times I had lunch here has been bad.,0,last time lunch bad
The chicken wings contained the driest chicken meat I have ever eaten.,0,chicken wing contained driest chicken meat ever eaten
"The food was very good and I enjoyed every mouthful, an enjoyable relaxed venue for couples small family groups etc.",1,food good enjoyed every mouthful enjoyable relaxed venue couple small family group etc
Nargile - I think you are great.,1,nargile think great
Best tater tots in the southwest.,1,best tater tot southwest
We loved the place.,1,loved place
Definitely not worth the $3 I paid.,0,definitely not worth paid
The vanilla ice cream was creamy and smooth while the profiterole (choux) pastry was fresh enough.,1,vanilla ice cream creamy smooth profiterole chou pastry fresh enough
Im in AZ all the time and now have my new spot.,1,im az time new spot
The manager was the worst.,0,manager worst
The inside is really quite nice and very clean.,1,inside really quite nice clean
The food was outstanding and the prices were very reasonable.,1,food outstanding price reasonable
I don't think I'll be running back to Carly's anytime soon for food.,0,not think running back carly anytime soon food
"This is was due to the fact that it took 20 minutes to be acknowledged, then another 35 minutes to get our food...and they kept forgetting things.",0,due fact took minute acknowledged another minute get food kept forgetting thing
"Love the margaritas, too!",1,love margarita
This was my first and only Vegas buffet and it did not disappoint.,1,first vega buffet not disappoint
"Very good, though!",1,good though
The one down note is the ventilation could use some upgrading.,0,one note ventilation could use upgrading
Great pork sandwich.,1,great pork sandwich
Don't waste your time here.,0,not waste time
"Total letdown, I would much rather just go to the Camelback Flower Shop and Cartel Coffee.",0,total letdown would much rather go camelback flower shop cartel coffee
"Third, the cheese on my friend's burger was cold.",0,third cheese friend burger cold
We enjoy their pizza and brunch.,1,enjoy pizza brunch
The steaks are all well trimmed and also perfectly cooked.,1,steak well trimmed also perfectly cooked
We had a group of 70+ when we claimed we would only have 40 and they handled us beautifully.,1,group claimed would handled u beautifully
I LOVED it!,1,loved
We asked for the bill to leave without eating and they didn't bring that either.,0,asked bill leave without eating not bring either
"This place is a jewel in Las Vegas, and exactly what I've been hoping to find in nearly ten years living here.",1,place jewel la vega exactly hoping find nearly ten year living
Seafood was limited to boiled shrimp and crab legs but the crab legs definitely did not taste fresh.,0,seafood limited boiled shrimp crab leg crab leg definitely not taste fresh
The selection of food was not the best.,0,selection food not best
Delicious and I will absolutely be back!,1,delicious absolutely back
"This isn't a small family restaurant, this is a fine dining establishment.",1,not small family restaurant fine dining establishment
They had a toro tartare with a cavier that was extraordinary and I liked the thinly sliced wagyu with white truffle.,1,toro tartare cavier extraordinary liked thinly sliced wagyu white truffle
I dont think I will be back for a very long time.,0,dont think back long time
"It was attached to a gas station, and that is rarely a good sign.",0,attached gas station rarely good sign
How awesome is that.,1,awesome
I will be back many times soon.,1,back many time soon
The menu had so much good stuff on it i could not decide!,1,menu much good stuff could not decide
"Worse of all, he humiliated his worker right in front of me..Bunch of horrible name callings.",0,worse humiliated worker right front bunch horrible name calling
CONCLUSION: Very filling meals.,1,conclusion filling meal
Their daily specials are always a hit with my group.,1,daily special always hit group
And then tragedy struck.,0,tragedy struck
The pancake was also really good and pretty large at that.,1,pancake also really good pretty large
"This was my first crawfish experience, and it was delicious!",1,first crawfish experience delicious
Their monster chicken fried steak and eggs is my all time favorite.,1,monster chicken fried steak egg time favorite
Waitress was sweet and funny.,1,waitress sweet funny
"I also had to taste my Mom's multi-grain pumpkin pancakes with pecan butter and they were amazing, fluffy, and delicious!",1,also taste mom multi grain pumpkin pancake pecan butter amazing fluffy delicious
"I'd rather eat airline food, seriously.",0,rather eat airline food seriously
Cant say enough good things about this place.,1,cant say enough good thing place
The ambiance was incredible.,1,ambiance incredible
The waitress and manager are so friendly.,1,waitress manager friendly
I would not recommend this place.,0,would not recommend place
Overall I wasn't very impressed with Noca.,0,overall not impressed noca
My gyro was basically lettuce only.,0,gyro basically lettuce
Terrible service!,0,terrible service
Thoroughly disappointed!,0,thoroughly disappointed
"I don't each much pasta, but I love the homemade /hand made pastas and thin pizzas here.",1,not much pasta love homemade hand made pasta thin pizza
"Give it a try, you will be happy you did.",1,give try happy
By far the BEST cheesecurds we have ever had!,1,far best cheesecurds ever
Reasonably priced also!,1,reasonably priced also
Everything was perfect the night we were in.,1,everything perfect night
The food is very good for your typical bar food.,1,food good typical bar food
it was a drive to get there.,0,drive get
"At first glance it is a lovely bakery cafe - nice ambiance, clean, friendly staff.",1,first glance lovely bakery cafe nice ambiance clean friendly staff
"Anyway, I do not think i will go back there.",0,anyway not think go back
"Point your finger at any item on the menu, order it and you won't be disappointed.",1,point finger item menu order not disappointed
"Oh this is such a thing of beauty, this restaurant.",1,oh thing beauty restaurant
If you haven't gone here GO NOW!,1,not gone go
"A greasy, unhealthy meal.",0,greasy unhealthy meal
first time there and might just be the last.,0,first time might last
Those burgers were amazing.,1,burger amazing
"Similarly, the delivery man did not say a word of apology when our food was 45 minutes late.",0,similarly delivery man not say word apology food minute late
And it was way to expensive.,0,way expensive
"Be sure to order dessert, even if you need to pack it to-go - the tiramisu and cannoli are both to die for.",1,sure order dessert even need pack go tiramisu cannoli die
This was my first time and I can't wait until the next.,1,first time not wait next
The bartender was also nice.,1,bartender also nice
Everything was good and tasty!,1,everything good tasty
This place is two thumbs up....way up.,1,place two thumb way
"The best place in Vegas for breakfast (just check out a Sat, or Sun.",1,best place vega breakfast check sat sun
"If you love authentic Mexican food and want a whole bunch of interesting, yet delicious meats to choose from, you need to try this place.",1,love authentic mexican food want whole bunch interesting yet delicious meat choose need try place
Terrible management.,0,terrible management
An excellent new restaurant by an experienced Frenchman.,1,excellent new restaurant experienced frenchman
If there were zero stars I would give it zero stars.,0,zero star would give zero star
"Great steak, great sides, great wine, amazing desserts.",1,great steak great side great wine amazing dessert
Worst martini ever!,0,worst martini ever
The steak and the shrimp are in my opinion the best entrees at GC.,1,steak shrimp opinion best entree gc
I had the opportunity today to sample your amazing pizzas!,1,opportunity today sample amazing pizza
We waited for thirty minutes to be seated (although there were 8 vacant tables and we were the only folks waiting).,0,waited thirty minute seated although vacant table folk waiting
The yellowtail carpaccio was melt in your mouth fresh.,1,yellowtail carpaccio melt mouth fresh
I won't try going back there even if it's empty.,0,not try going back even empty
"No, I'm going to eat the potato that I found some strangers hair in it.",0,no going eat potato found stranger hair
Just spicy enough.. Perfect actually.,1,spicy enough perfect actually
Last night was my second time dining here and I was so happy I decided to go back!,1,last night second time dining happy decided go back
"not even a ""hello, we will be right with you.""",0,not even hello right
The desserts were a bit strange.,0,dessert bit strange
My boyfriend and I came here for the first time on a recent trip to Vegas and could not have been more pleased with the quality of food and service.,1,boyfriend came first time recent trip vega could not pleased quality food service
"I really do recommend this place, you can go wrong with this donut place!",1,really recommend place go wrong donut place
Nice ambiance.,1,nice ambiance
I would recommend saving room for this!,1,would recommend saving room
I guess maybe we went on an off night but it was disgraceful.,0,guess maybe went night disgraceful
"However, my recent experience at this particular location was not so good.",0,however recent experience particular location not good
"I know this is not like the other restaurants at all, something is very off here!",0,know not like restaurant something
AVOID THIS ESTABLISHMENT!,0,avoid establishment
I think this restaurant suffers from not trying hard enough.,0,think restaurant suffers not trying hard enough
All of the tapas dishes were delicious!,1,tapa dish delicious
I *heart* this place.,1,heart place
My salad had a bland vinegrette on the baby greens and hearts of Palm.,0,salad bland vinegrette baby green heart palm
After two I felt disgusting.,0,two felt disgusting
A good time!,1,good time
I believe that this place is a great stop for those with a huge belly and hankering for sushi.,1,believe place great stop huge belly hankering sushi
Generous portions and great taste.,1,generous portion great taste
I will never go back to this place and will never ever recommended this place to anyone!,0,never go back place never ever recommended place anyone
"The servers went back and forth several times, not even so much as an ""Are you being helped?""",0,server went back forth several time not even much helped
Food was delicious!,1,food delicious
AN HOUR... seriously?,0,hour seriously
I consider this theft.,0,consider theft
Eew... This location needs a complete overhaul.,0,eew location need complete overhaul
We recently witnessed her poor quality of management towards other guests as well.,0,recently witnessed poor quality management towards guest well
Waited and waited and waited.,0,waited waited waited
"He also came back to check on us regularly, excellent service.",1,also came back check u regularly excellent service
Our server was super nice and checked on us many times.,1,server super nice checked u many time
"The pizza tasted old, super chewy in not a good way.",0,pizza tasted old super chewy not good way
I swung in to give them a try but was deeply disappointed.,0,swung give try deeply disappointed
Service was good and the company was better!,1,service good company better
The staff are also very friendly and efficient.,1,staff also friendly efficient
"As for the service: I'm a fan, because it's quick and you're being served by some nice folks.",1,service fan quick served nice folk
Boy was that sucker dry!!.,0,boy sucker dry
Over rated.,0,rated
"If you look for authentic Thai food, go else where.",0,look authentic thai food go else
Their steaks are 100% recommended!,1,steak recommended
After I pulled up my car I waited for another 15 minutes before being acknowledged.,0,pulled car waited another minute acknowledged
Great food and great service in a clean and friendly setting.,1,great food great service clean friendly setting
"All in all, I can assure you I'll be back.",1,assure back
I hate those things as much as cheap quality black olives.,0,hate thing much cheap quality black olive
"My breakfast was perpared great, with a beautiful presentation of 3 giant slices of Toast, lightly dusted with powdered sugar.",1,breakfast perpared great beautiful presentation giant slice toast lightly dusted powdered sugar
The kids play area is NASTY!,0,kid play area nasty
Great place fo take out or eat in.,1,great place fo take eat
The waitress was friendly and happy to accomodate for vegan/veggie options.,1,waitress friendly happy accomodate vegan veggie option
OMG I felt like I had never eaten Thai food until this dish.,1,omg felt like never eaten thai food dish
"It was extremely ""crumby"" and pretty tasteless.",0,extremely crumby pretty tasteless
It was a pale color instead of nice and char and has NO flavor.,0,pale color instead nice char no flavor
The croutons also taste homemade which is an extra plus.,1,crouton also taste homemade extra plus
I got home to see the driest damn wings ever!,0,got home see driest damn wing ever
It'll be a regular stop on my trips to Phoenix!,1,regular stop trip phoenix
I really enjoyed Crema Café before they expanded. I even told friends they had the BEST breakfast.,1,really enjoyed crema café expanded even told friend best breakfast
Not good for the money.,0,not good money
I miss it and wish they had one in Philadelphia!,1,miss wish one philadelphia
"We got sitting fairly fast, but, ended up waiting 40 minutes just to place our order, another 30 minutes before the food arrived.",0,got sitting fairly fast ended waiting minute place order another minute food arrived
They also have the best cheese crisp in town.,1,also best cheese crisp town
"Good value, great food, great service.",1,good value great food great service
Couldn't ask for a more satisfying meal.,1,could not ask satisfying meal
The food is good.,1,food good
It was awesome.,1,awesome
I just wanted to leave.,0,wanted leave
We made the drive all the way from North Scottsdale... and I was not one bit disappointed!,1,made drive way north scottsdale not one bit disappointed
I will not be eating there again.,0,not eating
!....THE OWNERS REALLY REALLY need to quit being soooooo cheap let them wrap my freaking sandwich in two papers not one!,0,owner really really need quit soooooo cheap let wrap freaking sandwich two paper not one
I checked out this place a couple years ago and was not impressed.,0,checked place couple year ago not impressed
"The chicken I got was definitely reheated and was only ok, the wedges were cold and soggy.",0,chicken got definitely reheated ok wedge cold soggy
"Sorry, I will not be getting food from here anytime soon :(",0,sorry not getting food anytime soon
An absolute must visit!,1,absolute must visit
The cow tongue and cheek tacos are amazing.,1,cow tongue cheek taco amazing
My friend did not like his Bloody Mary.,0,friend not like bloody mary
"Despite how hard I rate businesses, its actually rare for me to give a 1 star.",0,despite hard rate business actually rare give star
They really want to make your experience a good one.,1,really want make experience good one
I will not return.,0,not return
I had the chicken Pho and it tasted very bland.,0,chicken pho tasted bland
Very disappointing!!!,0,disappointing
The grilled chicken was so tender and yellow from the saffron seasoning.,1,grilled chicken tender yellow saffron seasoning
"a drive thru means you do not want to wait around for half an hour for your food, but somehow when we end up going here they make us wait and wait.",0,drive thru mean not want wait around half hour food somehow end going make u wait wait
Pretty awesome place.,1,pretty awesome place
Ambience is perfect.,1,ambience perfect
Best of luck to the rude and non-customer service focused new management.,0,best luck rude non customer service focused new management
Any grandmother can make a roasted chicken better than this one.,0,grandmother make roasted chicken better one
I asked multiple times for the wine list and after some time of being ignored I went to the hostess and got one myself.,0,asked multiple time wine list time ignored went hostess got one
"The staff is always super friendly and helpful, which is especially cool when you bring two small boys and a baby!",1,staff always super friendly helpful especially cool bring two small boy baby
Four stars for the food & the guy in the blue shirt for his great vibe & still letting us in to eat !,1,four star food guy blue shirt great vibe still letting u eat
The roast beef sandwich tasted really good!,1,roast beef sandwich tasted really good
"Same evening, him and I are both drastically sick.",0,evening drastically sick
High-quality chicken on the chicken Caesar salad.,1,high quality chicken chicken caesar salad
Ordered burger rare came in we'll done.,0,ordered burger rare came done
We were promptly greeted and seated.,1,promptly greeted seated
Tried to go here for lunch and it was a madhouse.,0,tried go lunch madhouse
"I was proven dead wrong by this sushi bar, not only because the quality is great, but the service is fast and the food, impeccable.",1,proven dead wrong sushi bar not quality great service fast food impeccable
"After waiting an hour and being seated, I was not in the greatest of moods.",0,waiting hour seated not greatest mood
This is a good joint.,1,good joint
The Macarons here are insanely good.,1,macarons insanely good
I'm not eating here!,0,not eating
"Our waiter was very attentive, friendly, and informative.",1,waiter attentive friendly informative
Maybe if they weren't cold they would have been somewhat edible.,0,maybe not cold would somewhat edible
This place has a lot of promise but fails to deliver.,0,place lot promise fails deliver
Very bad Experience!,0,bad experience
What a mistake.,0,mistake
Food was average at best.,0,food average best
Great food.,1,great food
We won't be going back anytime soon!,0,not going back anytime soon
Very Very Disappointed ordered the $35 Big Bay Plater.,0,disappointed ordered big bay plater
Great place to relax and have an awesome burger and beer.,1,great place relax awesome burger beer
It is PERFECT for a sit-down family meal or get together with a few friends.,1,perfect sit family meal get together friend
"Not much flavor to them, and very poorly constructed.",0,not much flavor poorly constructed
The patio seating was very comfortable.,1,patio seating comfortable
The fried rice was dry as well.,0,fried rice dry well
Hands down my favorite Italian restaurant!,1,hand favorite italian restaurant
"That just SCREAMS ""LEGIT"" in my book...somethat's also pretty rare here in Vegas.",1,scream legit book somethat also pretty rare vega
It was just not a fun experience.,1,not fun experience
The atmosphere was great with a lovely duo of violinists playing songs we requested.,1,atmosphere great lovely duo violinist playing song requested
"I personally love the hummus, pita, baklava, falafels and Baba Ganoush (it's amazing what they do with eggplant!).",1,personally love hummus pita baklava falafel baba ganoush amazing eggplant
"Very convenient, since we were staying at the MGM!",1,convenient since staying mgm
The owners are super friendly and the staff is courteous.,1,owner super friendly staff courteous
Both great!,1,great
Eclectic selection.,1,eclectic selection
The sweet potato tots were good but the onion rings were perfection or as close as I have had.,1,sweet potato tot good onion ring perfection close
The staff was very attentive.,1,staff attentive
And the chef was generous with his time (even came around twice so we can take pictures with him).,1,chef generous time even came around twice take picture
"The owner used to work at Nobu, so this place is really similar for half the price.",1,owner used work nobu place really similar half price
Google mediocre and I imagine Smashburger will pop up.,0,google mediocre imagine smashburger pop
dont go here.,0,dont go
I promise they won't disappoint.,1,promise not disappoint
As a sushi lover avoid this place by all means.,0,sushi lover avoid place mean
What a great double cheeseburger!,1,great double cheeseburger
Awesome service and food.,1,awesome service food
A fantastic neighborhood gem !!!,1,fantastic neighborhood gem
I can't wait to go back.,1,not wait go back
The plantains were the worst I've ever tasted.,0,plantain worst ever tasted
It's a great place and I highly recommend it.,1,great place highly recommend
Service was slow and not attentive.,0,service slow not attentive
"I gave it 5 stars then, and I'm giving it 5 stars now.",1,gave star giving star
Your staff spends more time talking to themselves than me.,0,staff spends time talking
Dessert: Panna Cotta was amazing.,1,dessert panna cotta amazing
"Very good food, great atmosphere.1",1,good food great atmosphere
Damn good steak.,1,damn good steak
Total brunch fail.,0,total brunch fail
"Prices are very reasonable, flavors are spot on, the sauce is home made, and the slaw is not drenched in mayo.",1,price reasonable flavor spot sauce home made slaw not drenched mayo
"The decor is nice, and the piano music soundtrack is pleasant.",1,decor nice piano music soundtrack pleasant
The steak was amazing...rge fillet relleno was the best seafood plate i have ever had!,1,steak amazing rge fillet relleno best seafood plate ever
"Good food , good service .",1,good food good service
It was absolutely amazing.,1,absolutely amazing
"I probably won't be back, to be honest.",0,probably not back honest
will definitely be back!,1,definitely back
The sergeant pepper beef sandwich with auju sauce is an excellent sandwich as well.,1,sergeant pepper beef sandwich auju sauce excellent sandwich well
"Hawaiian Breeze, Mango Magic, and Pineapple Delight are the smoothies that I've tried so far and they're all good.",1,hawaiian breeze mango magic pineapple delight smoothy tried far good
Went for lunch - service was slow.,0,went lunch service slow
"We had so much to say about the place before we walked in that he expected it to be amazing, but was quickly disappointed.",0,much say place walked expected amazing quickly disappointed
I was mortified.,0,mortified
"Needless to say, we will never be back here again.",0,needless say never back
"Anyways, The food was definitely not filling at all, and for the price you pay you should expect more.",0,anyways food definitely not filling price pay expect
"The chips that came out were dripping with grease, and mostly not edible.",0,chip came dripping grease mostly not edible
I wasn't really impressed with Strip Steak.,0,not really impressed strip steak
Have been going since 2007 and every meal has been awesome!!,1,going since every meal awesome
Our server was very nice and attentive as were the other serving staff.,1,server nice attentive serving staff
The cashier was friendly and even brought the food out to me.,1,cashier friendly even brought food
I work in the hospitality industry in Paradise Valley and have refrained from recommending Cibo any longer.,0,work hospitality industry paradise valley refrained recommending cibo longer
The atmosphere here is fun.,1,atmosphere fun
Would not recommend to others.,0,would not recommend others
"Service is quick and even ""to go"" orders are just like we like it!",1,service quick even go order like like
"I mean really, how do you get so famous for your fish and chips when it's so terrible!?!",0,mean really get famous fish chip terrible
"That said, our mouths and bellies were still quite pleased.",1,said mouth belly still quite pleased
Not my thing.,0,not thing
2 Thumbs Up!!,1,thumb
If you are reading this please don't go there.,0,reading please not go
"I loved the grilled pizza, reminded me of legit Italian pizza.",1,loved grilled pizza reminded legit italian pizza
Only Pros : Large seating area/ Nice bar area/ Great simple drink menu/ The BEST brick oven pizza with homemade dough!,1,pro large seating area nice bar area great simple drink menu best brick oven pizza homemade dough
They have a really nice atmosphere.,1,really nice atmosphere
Tonight I had the Elk Filet special...and it sucked.,0,tonight elk filet special sucked
"After one bite, I was hooked.",1,one bite hooked
We ordered some old classics and some new dishes after going there a few times and were sorely disappointed with everything.,0,ordered old classic new dish going time sorely disappointed everything
"Cute, quaint, simple, honest.",1,cute quaint simple honest
The chicken was deliciously seasoned and had the perfect fry on the outside and moist chicken on the inside.,1,chicken deliciously seasoned perfect fry outside moist chicken inside
"The food was great as always, compliments to the chef.",1,food great always compliment chef
Special thanks to Dylan T. for the recommendation on what to order :) All yummy for my tummy.,1,special thanks dylan recommendation order yummy tummy
Awesome selection of beer.,1,awesome selection beer
Great food and awesome service!,1,great food awesome service
"One nice thing was that they added gratuity on the bill since our party was larger than 6 or 8, and they didn't expect more tip than that.",1,one nice thing added gratuity bill since party larger not expect tip
A FLY was in my apple juice.. A FLY!!!!!!!!,0,fly apple juice fly
The Han Nan Chicken was also very tasty.,1,han nan chicken also tasty
"As for the service, I thought it was good.",1,service thought good
"The food was barely lukewarm, so it must have been sitting waiting for the server to bring it out to us.",0,food barely lukewarm must sitting waiting server bring u
Ryan's Bar is definitely one Edinburgh establishment I won't be revisiting.,0,ryan bar definitely one edinburgh establishment not revisiting
Nicest Chinese restaurant I've been in a while.,1,nicest chinese restaurant
"Overall, I like there food and the service.",1,overall like food service
They also now serve Indian naan bread with hummus and some spicy pine nut sauce that was out of this world.,1,also serve indian naan bread hummus spicy pine nut sauce world
"Probably never coming back, and wouldn't recommend it.",0,probably never coming back would not recommend
"Friend's pasta -- also bad, he barely touched it.",0,friend pasta also bad barely touched
"Try them in the airport to experience some tasty food and speedy, friendly service.",1,try airport experience tasty food speedy friendly service
I love the decor with the Chinese calligraphy wall paper.,1,love decor chinese calligraphy wall paper
Never had anything to complain about here.,1,never anything complain
The restaurant is very clean and has a family restaurant feel to it.,1,restaurant clean family restaurant feel
It was way over fried.,0,way fried
I'm not sure how long we stood there but it was long enough for me to begin to feel awkwardly out of place.,0,not sure long stood long enough begin feel awkwardly place
"When I opened the sandwich, I was impressed, but not in a good way.",0,opened sandwich impressed not good way
Will not be back!,0,not back
There was a warm feeling with the service and I felt like their guest for a special treat.,1,warm feeling service felt like guest special treat
An extensive menu provides lots of options for breakfast.,1,extensive menu provides lot option breakfast
"I always order from the vegetarian menu during dinner, which has a wide array of options to choose from.",1,always order vegetarian menu dinner wide array option choose
"I have watched their prices inflate, portions get smaller and management attitudes grow rapidly!",0,watched price inflate portion get smaller management attitude grow rapidly
Wonderful lil tapas and the ambience made me feel all warm and fuzzy inside.,1,wonderful lil tapa ambience made feel warm fuzzy inside
"I got to enjoy the seafood salad, with a fabulous vinegrette.",1,got enjoy seafood salad fabulous vinegrette
"The wontons were thin, not thick and chewy, almost melt in your mouth.",1,wonton thin not thick chewy almost melt mouth
"Level 5 spicy was perfect, where spice didn't over-whelm the soup.",1,level spicy perfect spice not whelm soup
We were sat right on time and our server from the get go was FANTASTIC!,1,sat right time server get go fantastic
"Main thing I didn't enjoy is that the crowd is of older crowd, around mid 30s and up.",0,main thing not enjoy crowd older crowd around mid
"When I'm on this side of town, this will definitely be a spot I'll hit up again!",1,side town definitely spot hit
I had to wait over 30 minutes to get my drink and longer to get 2 arepas.,0,wait minute get drink longer get arepas
This is a GREAT place to eat!,1,great place eat
The jalapeno bacon is soooo good.,1,jalapeno bacon soooo good
The service was poor and thats being nice.,0,service poor thats nice
"Food was good, service was good, Prices were good.",1,food good service good price good
The place was not clean and the food oh so stale!,0,place not clean food oh stale
"The chicken dishes are OK, the beef is like shoe leather.",0,chicken dish ok beef like shoe leather
But the service was beyond bad.,0,service beyond bad
"I'm so happy to be here!!!""",1,happy
Tasted like dirt.,0,tasted like dirt
One of the few places in Phoenix that I would definately go back to again .,1,one place phoenix would definately go back
The block was amazing.,1,block amazing
"It's close to my house, it's low-key, non-fancy, affordable prices, good food.",1,close house low key non fancy affordable price good food
* Both the Hot & Sour & the Egg Flower Soups were absolutely 5 Stars!,1,hot sour egg flower soup absolutely star
My sashimi was poor quality being soggy and tasteless.,0,sashimi poor quality soggy tasteless
Great time - family dinner on a Sunday night.,1,great time family dinner sunday night
"the food is not tasty at all, not to say its ""real traditional Hunan style"".",0,food not tasty not say real traditional hunan style
"What did bother me, was the slow service.",0,bother slow service
The flair bartenders are absolutely amazing!,1,flair bartender absolutely amazing
Their frozen margaritas are WAY too sugary for my taste.,0,frozen margarita way sugary taste
These were so good we ordered them twice.,1,good ordered twice
So in a nutshell: 1) The restaraunt smells like a combination of a dirty fish market and a sewer.,0,nutshell restaraunt smell like combination dirty fish market sewer
My girlfriend's veal was very bad.,0,girlfriend veal bad
"Unfortunately, it was not good.",0,unfortunately not good
I had a pretty satifying experience.,1,pretty satifying experience
Join the club and get awesome offers via email.,1,join club get awesome offer via email
"Perfect for someone (me) who only likes beer ice cold, or in this case, even colder.",1,perfect someone like beer ice cold case even colder
Bland and flavorless is a good way of describing the barely tepid meat.,0,bland flavorless good way describing barely tepid meat
"The chains, which I'm no fan of, beat this place easily.",0,chain no fan beat place easily
The nachos are a MUST HAVE!,1,nacho must
We will not be coming back.,0,not coming back
"I don't have very many words to say about this place, but it does everything pretty well.",1,not many word say place everything pretty well
"The staff is super nice and very quick even with the crazy crowds of the downtown juries, lawyers, and court staff.",1,staff super nice quick even crazy crowd downtown jury lawyer court staff
"Great atmosphere, friendly and fast service.",1,great atmosphere friendly fast service
When I received my Pita it was huge it did have a lot of meat in it so thumbs up there.,1,received pita huge lot meat thumb
Once your food arrives it's meh.,0,food arrives meh
Paying $7.85 for a hot dog and fries that looks like it came out of a kid's meal at the Wienerschnitzel is not my idea of a good meal.,0,paying hot dog fry look like came kid meal wienerschnitzel not idea good meal
The classic Maine Lobster Roll was fantastic.,1,classic maine lobster roll fantastic
"My brother in law who works at the mall ate here same day, and guess what he was sick all night too.",0,brother law work mall ate day guess sick night
So good I am going to have to review this place twice - once hereas a tribute to the place and once as a tribute to an event held here last night.,1,good going review place twice hereas tribute place tribute event held last night
"The chips and salsa were really good, the salsa was very fresh.",1,chip salsa really good salsa fresh
This place is great!!!!!!!!!!!!!!,1,place great
Mediocre food.,0,mediocre food
Once you get inside you'll be impressed with the place.,1,get inside impressed place
I'm super pissd.,0,super pissd
And service was super friendly.,1,service super friendly
Why are these sad little vegetables so overcooked?,0,sad little vegetable overcooked
This place was such a nice surprise!,1,place nice surprise
They were golden-crispy and delicious.,1,golden crispy delicious
"I had high hopes for this place since the burgers are cooked over a charcoal grill, but unfortunately the taste fell flat, way flat.",0,high hope place since burger cooked charcoal grill unfortunately taste fell flat way flat
I could eat their bruschetta all day it is devine.,1,could eat bruschetta day devine
Not a single employee came out to see if we were OK or even needed a water refill once they finally served us our food.,0,not single employee came see ok even needed water refill finally served u food
"Lastly, the mozzarella sticks, they were the best thing we ordered.",1,lastly mozzarella stick best thing ordered
"The first time I ever came here I had an amazing experience, I still tell people how awesome the duck was.",1,first time ever came amazing experience still tell people awesome duck
The server was very negligent of our needs and made us feel very unwelcome... I would not suggest this place!,0,server negligent need made u feel unwelcome would not suggest place
The service was terrible though.,0,service terrible though
"This place is overpriced, not consistent with their boba, and it really is OVERPRICED!",0,place overpriced not consistent boba really overpriced
It was packed!!,0,packed
I love this place.,1,love place
I can say that the desserts were yummy.,1,say dessert yummy
The food was terrible.,0,food terrible
The seasonal fruit was fresh white peach puree.,1,seasonal fruit fresh white peach puree
It kept getting worse and worse so now I'm officially done.,0,kept getting worse worse officially done
This place should honestly be blown up.,0,place honestly blown
But I definitely would not eat here again.,0,definitely would not eat
Do not waste your money here!,0,not waste money
I love that they put their food in nice plastic containers as opposed to cramming it in little paper takeout boxes.,1,love put food nice plastic container opposed cramming little paper takeout box
The crêpe was delicate and thin and moist.,1,crêpe delicate thin moist
Awful service.,0,awful service
Won't ever go here again.,0,not ever go
Food quality has been horrible.,0,food quality horrible
For that price I can think of a few place I would have much rather gone.,0,price think place would much rather gone
The service here is fair at best.,0,service fair best
"I do love sushi, but I found Kabuki to be over-priced, over-hip and under-services.",0,love sushi found kabuki priced hip service
Do yourself a favor and stay away from this dish.,0,favor stay away dish
Very poor service.,0,poor service
No one at the table thought the food was above average or worth the wait that we had for it.,0,no one table thought food average worth wait
"Best service and food ever, Maria our server was so good and friendly she made our day.",1,best service food ever maria server good friendly made day
They were excellent.,1,excellent
I paid the bill but did not tip because I felt the server did a terrible job.,0,paid bill not tip felt server terrible job
Just had lunch here and had a great experience.,1,lunch great experience
I have never had such bland food which surprised me considering the article we read focused so much on their spices and flavor.,0,never bland food surprised considering article read focused much spice flavor
Food is way overpriced and portions are fucking small.,0,food way overpriced portion fucking small
I recently tried Caballero's and I have been back every week since!,1,recently tried caballero back every week since
"for 40 bucks a head, i really expect better food.",0,buck head really expect better food
The food came out at a good pace.,1,food came good pace
"I ate there twice on my last visit, and especially enjoyed the salmon salad.",1,ate twice last visit especially enjoyed salmon salad
I won't be back.,0,not back
We could not believe how dirty the oysters were!,0,could not believe dirty oyster
This place deserves no stars.,0,place deserves no star
I would not recommend this place.,0,would not recommend place
"In fact I'm going to round up to 4 stars, just because she was so awesome.",1,fact going round star awesome
"To my disbelief, each dish qualified as the worst version of these foods I have ever tasted.",0,disbelief dish qualified worst version food ever tasted
"Bad day or not, I have a very low tolerance for rude customer service people, it is your job to be nice and polite, wash dishes otherwise!!",0,bad day not low tolerance rude customer service people job nice polite wash dish otherwise
the potatoes were great and so was the biscuit.,1,potato great biscuit
I probably would not go here again.,0,probably would not go
So flavorful and has just the perfect amount of heat.,1,flavorful perfect amount heat
The price is reasonable and the service is great.,1,price reasonable service great
"The Wife hated her meal (coconut shrimp), and our friends really did not enjoy their meals, either.",0,wife hated meal coconut shrimp friend really not enjoy meal either
My fella got the huevos rancheros and they didn't look too appealing.,0,fella got huevos rancheros not look appealing
"Went in for happy hour, great list of wines.",1,went happy hour great list wine
Some may say this buffet is pricey but I think you get what you pay for and this place you are getting quite a lot!,1,may say buffet pricey think get pay place getting quite lot
I probably won't be coming back here.,0,probably not coming back
Worst food/service I've had in a while.,0,worst food service
"This place is pretty good, nice little vibe in the restaurant.",1,place pretty good nice little vibe restaurant
Talk about great customer service of course we will be back.,1,talk great customer service course back
"Hot dishes are not hot, cold dishes are close to room temp.I watched staff prepare food with BARE HANDS, no gloves.Everything is deep fried in oil.",0,hot dish not hot cold dish close room temp watched staff prepare food bare hand no glove everything deep fried oil
I love their fries and their beans.,1,love fry bean
Always a pleasure dealing with him.,1,always pleasure dealing
"They have a plethora of salads and sandwiches, and everything I've tried gets my seal of approval.",1,plethora salad sandwich everything tried get seal approval
This place is awesome if you want something light and healthy during the summer.,1,place awesome want something light healthy summer
"For sushi on the Strip, this is the place to go.",1,sushi strip place go
"The service was great, even the manager came and helped with our table.",1,service great even manager came helped table
The feel of the dining room was more college cooking course than high class dining and the service was slow at best.,0,feel dining room college cooking course high class dining service slow best
"I started this review with two stars, but I'm editing it to give it only one.",0,started review two star editing give one
this is the worst sushi i have ever eat besides Costco's.,0,worst sushi ever eat besides costco
"All in all an excellent restaurant highlighted by great service, a unique menu, and a beautiful setting.",1,excellent restaurant highlighted great service unique menu beautiful setting
My boyfriend and i sat at the bar and had a completely delightful experience.,1,boyfriend sat bar completely delightful experience
Weird vibe from owners.,0,weird vibe owner
There was hardly any meat.,0,hardly meat
I've had better bagels from the grocery store.,0,better bagel grocery store
Go To Place for Gyros.,1,go place gyro
"I love the owner/chef, his one authentic Japanese cool dude!",1,love owner chef one authentic japanese cool dude
"Now the burgers aren't as good, the pizza which used to be amazing is doughy and flavorless.",0,burger not good pizza used amazing doughy flavorless
I found a six inch long piece of wire in my salsa.,0,found six inch long piece wire salsa
"The service was terrible, food was mediocre.",0,service terrible food mediocre
We definately enjoyed ourselves.,1,definately enjoyed
I ordered Albondigas soup - which was just warm - and tasted like tomato soup with frozen meatballs.,0,ordered albondigas soup warm tasted like tomato soup frozen meatball
"On three different occasions I asked for well done or medium well, and all three times I got the bloodiest piece of meat on my plate.",0,three different occasion asked well done medium well three time got bloodiest piece meat plate
I had about two bites and refused to eat anymore.,0,two bite refused eat anymore
The service was extremely slow.,0,service extremely slow
"After 20 minutes wait, I got a table.",0,minute wait got table
Seriously killer hot chai latte.,1,seriously killer hot chai latte
"No allergy warnings on the menu, and the waitress had absolutely no clue as to which meals did or did not contain peanuts.",0,no allergy warning menu waitress absolutely no clue meal not contain peanut
My boyfriend tried the Mediterranean Chicken Salad and fell in love.,1,boyfriend tried mediterranean chicken salad fell love
Their rotating beers on tap is also a highlight of this place.,1,rotating beer tap also highlight place
Pricing is a bit of a concern at Mellow Mushroom.,0,pricing bit concern mellow mushroom
Worst Thai ever.,0,worst thai ever
If you stay in Vegas you must get breakfast here at least once.,1,stay vega must get breakfast least
I want to first say our server was great and we had perfect service.,1,want first say server great perfect service
The pizza selections are good.,1,pizza selection good
"I had strawberry tea, which was good.",1,strawberry tea good
Highly unprofessional and rude to a loyal patron!,0,highly unprofessional rude loyal patron
"Overall, a great experience.",1,overall great experience
Spend your money elsewhere.,0,spend money elsewhere
Their regular toasted bread was equally satisfying with the occasional pats of butter... Mmmm...!,1,regular toasted bread equally satisfying occasional pat butter mmmm
The Buffet at Bellagio was far from what I anticipated.,0,buffet bellagio far anticipated
"And the drinks are WEAK, people!",0,drink weak people
-My order was not correct.,0,order not correct
"Also, I feel like the chips are bought, not made in house.",0,also feel like chip bought not made house
After the disappointing dinner we went elsewhere for dessert.,0,disappointing dinner went elsewhere dessert
The chips and sals a here is amazing!!!!!!!!!!!!!!!!!!!,1,chip sals amazing
We won't be returning.,0,not returning
This is my new fav Vegas buffet spot.,1,new fav vega buffet spot
I seriously cannot believe that the owner has so many unexperienced employees that all are running around like chickens with their heads cut off.,0,seriously not believe owner many unexperienced employee running around like chicken head cut
"Very, very sad.",0,sad
"i felt insulted and disrespected, how could you talk and judge another human being like that?",0,felt insulted disrespected could talk judge another human like
"How can you call yourself a steakhouse if you can't properly cook a steak, I don't understand!",0,call steakhouse not properly cook steak not understand
I'm not impressed with the concept or the food.,0,not impressed concept food
The only thing I wasn't too crazy about was their guacamole as I don't like it puréed.,0,thing not crazy guacamole not like puréed
"There is really nothing for me at postinos, hope your experience is better",0,really nothing postinos hope experience better
I got food poisoning here at the buffet.,0,got food poisoning buffet
They brought a fresh batch of fries and I was thinking yay something warm but no!,0,brought fresh batch fry thinking yay something warm no
"What SHOULD have been a hilarious, yummy Christmas Eve dinner to remember was the biggest fail of the entire trip for us.",0,hilarious yummy christmas eve dinner remember biggest fail entire trip u
"Needless to say, I won't be going back anytime soon.",0,needless say not going back anytime soon
This place is disgusting!,0,place disgusting
"Every time I eat here, I see caring teamwork to a professional degree.",1,every time eat see caring teamwork professional degree
The RI style calamari was a joke.,0,ri style calamari joke
"However, there was so much garlic in the fondue, it was barely edible.",0,however much garlic fondue barely edible
"I could barely stomach the meal, but didn't complain because it was a business lunch.",0,could barely stomach meal not complain business lunch
"It was so bad, I had lost the heart to finish it.",0,bad lost heart finish
It also took her forever to bring us the check when we asked for it.,0,also took forever bring u check asked
We aren't ones to make a scene at restaurants but I just don't get it...definitely lost the love after this one!,0,not one make scene restaurant not get definitely lost love one
Disappointing experience.,0,disappointing experience
"The food is about on par with Denny's, which is to say, not good at all.",0,food par denny say not good
"If you want to wait for mediocre food and downright terrible service, then this is the place for you.",0,want wait mediocre food downright terrible service place
WAAAAAAyyyyyyyyyy over rated is all I am saying.,0,waaaaaayyyyyyyyyy rated saying
We won't be going back.,0,not going back
The place was fairly clean but the food simply wasn't worth it.,0,place fairly clean food simply not worth
This place lacked style!!,0,place lacked style
"The sangria was about half of a glass wine full and was $12, ridiculous.",0,sangria half glass wine full ridiculous
Don't bother coming here.,0,not bother coming
"The meat was pretty dry, I had the sliced brisket and pulled pork.",0,meat pretty dry sliced brisket pulled pork
"The building itself seems pretty neat, the bathroom is pretty trippy, but I wouldn't eat here again.",0,building seems pretty neat bathroom pretty trippy would not eat
It was equally awful.,0,equally awful
Probably not in a hurry to go back.,0,probably not hurry go back
very slow at seating even with reservation.,0,slow seating even reservation
Not good by any stretch of the imagination.,0,not good stretch imagination
The cashew cream sauce was bland and the vegetables were undercooked.,0,cashew cream sauce bland vegetable undercooked
"The chipolte ranch dipping sause was tasteless, seemed thin and watered down with no heat.",0,chipolte ranch dipping sause tasteless seemed thin watered no heat
"It was a bit too sweet, not really spicy enough, and lacked flavor.",0,bit sweet not really spicy enough lacked flavor
I was VERY disappointed!!,0,disappointed
This place is horrible and way overpriced.,0,place horrible way overpriced
"Maybe it's just their Vegetarian fare, but I've been twice and I thought it was average at best.",0,maybe vegetarian fare twice thought average best
It wasn't busy at all and now we know why.,0,not busy know
The tables outside are also dirty a lot of the time and the workers are not always friendly and helpful with the menu.,0,table outside also dirty lot time worker not always friendly helpful menu
"The ambiance here did not feel like a buffet setting, but more of a douchey indoor garden for tea and biscuits.",0,ambiance not feel like buffet setting douchey indoor garden tea biscuit
Con: spotty service.,0,con spotty service
"The fries were not hot, and neither was my burger.",0,fry not hot neither burger
But then they came back cold.,0,came back cold
"Then our food came out, disappointment ensued.",0,food came disappointment ensued
The real disappointment was our waiter.,0,real disappointment waiter
My husband said she was very rude... did not even apologize for the bad food or anything.,0,husband said rude not even apologize bad food anything
The only reason to eat here would be to fill up before a night of binge drinking just to get some carbs in your stomach.,0,reason eat would fill night binge drinking get carbs stomach
"Insults, profound deuchebaggery, and had to go outside for a smoke break while serving just to solidify it.",0,insult profound deuchebaggery go outside smoke break serving solidify
If someone orders two tacos don't' you think it may be part of customer service to ask if it is combo or ala cart?,0,someone order two taco not think may part customer service ask combo ala cart
She was quite disappointed although some blame needs to be placed at her door.,0,quite disappointed although blame need placed door
After all the rave reviews I couldn't wait to eat here......what a disappointment!,0,rave review could not wait eat disappointment
Del Taco is pretty nasty and should be avoided if possible.,0,del taco pretty nasty avoided possible
It's NOT hard to make a decent hamburger.,0,not hard make decent hamburger
But I don't like it.,0,not like
Hell no will I go back,0,hell no go back
We've have gotten a much better service from the pizza place next door than the services we received from this restaurant.,0,gotten much better service pizza place next door service received restaurant
"I don't know what the big deal is about this place, but I won't be back ""ya'all"".",0,not know big deal place not back ya
I immediately said I wanted to talk to the manager but I did not want to talk to the guy who was doing shots of fireball behind the bar.,0,immediately said wanted talk manager not want talk guy shot fireball behind bar
The ambiance isn't much better.,0,ambiance not much better
"Unfortunately, it only set us up for disapppointment with our entrees.",0,unfortunately set u disapppointment entree
The food wasn't good.,0,food not good
"Your servers suck, wait, correction, our server Heimer sucked.",0,server suck wait correction server heimer sucked
What happened next was pretty....off putting.,0,happened next pretty putting
"too bad cause I know it's family owned, I really wanted to like this place.",0,bad cause know family owned really wanted like place
Overpriced for what you are getting.,0,overpriced getting
I vomited in the bathroom mid lunch.,0,vomited bathroom mid lunch
"I kept looking at the time and it had soon become 35 minutes, yet still no food.",0,kept looking time soon become minute yet still no food
"I have been to very few places to eat that under no circumstances would I ever return to, and this tops the list.",0,place eat no circumstance would ever return top list
We started with the tuna sashimi which was brownish in color and obviously wasn't fresh.,0,started tuna sashimi brownish color obviously not fresh
Food was below average.,0,food average
It sure does beat the nachos at the movies but I would expect a little bit more coming from a restaurant.,0,sure beat nacho movie would expect little bit coming restaurant
"All in all, Ha Long Bay was a bit of a flop.",0,ha long bay bit flop
The problem I have is that they charge $11.99 for a sandwich that is no bigger than a Subway sub (which offers better and more amount of vegetables).,0,problem charge sandwich no bigger subway sub offer better amount vegetable
Shrimp- When I unwrapped it (I live only 1/2 a mile from Brushfire) it was literally ice cold.,0,shrimp unwrapped live mile brushfire literally ice cold
"It lacked flavor, seemed undercooked, and dry.",0,lacked flavor seemed undercooked dry
It really is impressive that the place hasn't closed down.,0,really impressive place not closed
I would avoid this place if you are staying in the Mirage.,0,would avoid place staying mirage
The refried beans that came with my meal were dried out and crusty and the food was bland.,0,refried bean came meal dried crusty food bland
Spend your money and time some place else.,0,spend money time place else
A lady at the table next to us found a live green caterpillar In her salad.,0,lady table next u found live green caterpillar salad
the presentation of the food was awful.,0,presentation food awful
I can't tell you how disappointed I was.,0,not tell disappointed
I think food should have flavor and texture and both were lacking.,0,think food flavor texture lacking
Appetite instantly gone.,0,appetite instantly gone
Overall I was not impressed and would not go back.,0,overall not impressed would not go back
"The whole experience was underwhelming, and I think we'll just go to Ninja Sushi next time.",0,whole experience underwhelming think go ninja sushi next time
"Then, as if I hadn't wasted enough of my life there, they poured salt in the wound by drawing out the time it took to bring the check.",0,not wasted enough life poured salt wound drawing time took bring check
